
delete from USER_ROLE
delete from ROLE_PERMISSION
delete from ROLE
delete from PERMISSION


--PERMISSIONS
SET IDENTITY_INSERT [dbo].[PERMISSION] ON
INSERT INTO PERMISSION (ID, NAME, DESCRIPTION) VALUES (1, 'CREATE_SECURITY', 'Create Security and Release');
INSERT INTO PERMISSION (ID, NAME, DESCRIPTION) VALUES (2, 'APPROVE_RELEASE_FINAL', 'Approve Release Final');
INSERT INTO PERMISSION (ID, NAME, DESCRIPTION) VALUES (3, 'CREATE_DEMAND', 'Create Demand');
INSERT INTO PERMISSION (ID, NAME, DESCRIPTION) VALUES (4, 'CREATE_DEMAND_FINANCE', 'Create Demand Finance');
INSERT INTO PERMISSION (ID, NAME, DESCRIPTION) VALUES (5, 'EDIT_SECURITY_COMMENT', 'Edit Security Comment');
INSERT INTO PERMISSION (ID, NAME, DESCRIPTION) VALUES (6, 'FINANCE_PERMISSION', 'Finance permission');
INSERT INTO PERMISSION (ID, NAME, DESCRIPTION) VALUES (7, 'CORRESPONDENCE', 'Generate correspondence');
INSERT INTO PERMISSION (ID, NAME, DESCRIPTION) VALUES (8, 'CREATE_EDIT_FINANCIAL_INSTITUTIONS', 'Create Edit Financial Institutions');
INSERT INTO PERMISSION (ID, NAME, DESCRIPTION) VALUES (9, 'DELETE_SECURITY_CANCEL_RELEASE', 'Delete Security and Cancel Release');
INSERT INTO PERMISSION (ID, NAME, DESCRIPTION) VALUES (10, 'DELETE_EDIT_FI_MAAPOA', 'Delete and Edit saved MAA/POA combinations');
INSERT INTO PERMISSION (ID, NAME, DESCRIPTION) VALUES (11, 'ADD_EDIT_INTEREST', 'Add and edit interest');
INSERT INTO PERMISSION (ID, NAME, DESCRIPTION) VALUES (12, 'PENDING_RELEASE', 'Pending Release Permission');
INSERT INTO PERMISSION (ID, NAME, DESCRIPTION) VALUES (13, 'AUTO_RELEASE', 'Auto Release');
INSERT INTO PERMISSION (ID, NAME, DESCRIPTION) VALUES (14, 'CHANGE_SECURITY_STATUS', 'Change Security Status');
INSERT INTO PERMISSION (ID, NAME, DESCRIPTION) VALUES (15, 'LARGE_RELEASE_EMAIL', 'Large release email');

SET IDENTITY_INSERT [dbo].[PERMISSION] OFF

--ROLES
SET IDENTITY_INSERT [dbo].[ROLE] ON
INSERT INTO ROLE (ID, VERSION, NAME, DESCRIPTION, CREATE_DATE, CREATE_USER) VALUES (1, 1, 'ANALYST', 'Analysts', GETDATE(), 'SYSTEM');
INSERT INTO ROLE (ID, VERSION, NAME, DESCRIPTION, CREATE_DATE, CREATE_USER) VALUES (2, 1, 'MANAGEMENT', 'Management', GETDATE(), 'SYSTEM');
INSERT INTO ROLE (ID, VERSION, NAME, DESCRIPTION, CREATE_DATE, CREATE_USER) VALUES (3, 1, 'FINANCE', 'Finance', GETDATE(), 'SYSTEM');
INSERT INTO ROLE (ID, VERSION, NAME, DESCRIPTION, CREATE_DATE, CREATE_USER) VALUES (4, 1, 'COORDINATOR', 'Enrolment Coordinator', GETDATE(), 'SYSTEM');
INSERT INTO ROLE (ID, VERSION, NAME, DESCRIPTION, CREATE_DATE, CREATE_USER) VALUES (5, 1, 'CORRESPONDENCE', 'Correspondence admin', GETDATE(), 'SYSTEM');
INSERT INTO ROLE (ID, VERSION, NAME, DESCRIPTION, CREATE_DATE, CREATE_USER) VALUES (6, 1, 'SENIOR_FINANCIAL_ANALYST', 'Senior Financial Analyst', GETDATE(), 'SYSTEM');
INSERT INTO ROLE (ID, VERSION, NAME, DESCRIPTION, CREATE_DATE, CREATE_USER) VALUES (7, 1, 'DELETE_SECURITY_CANCEL_RELEASE', 'Delete Security, Cancel Release', GETDATE(), 'SYSTEM');
INSERT INTO ROLE (ID, VERSION, NAME, DESCRIPTION, CREATE_DATE, CREATE_USER) VALUES (8, 1, 'DELETE_EDIT_FI_MAAPOA', 'Delete/Edit saved MAA/POA', GETDATE(), 'SYSTEM');
INSERT INTO ROLE (ID, VERSION, NAME, DESCRIPTION, CREATE_DATE, CREATE_USER) VALUES (9, 1, 'FINANCE_INTEREST', 'Finance Interest', GETDATE(), 'SYSTEM');
INSERT INTO ROLE (ID, VERSION, NAME, DESCRIPTION, CREATE_DATE, CREATE_USER) VALUES (10, 1, 'FINANCE_RELEASE', 'Finance Release', GETDATE(), 'SYSTEM');
INSERT INTO ROLE (ID, VERSION, NAME, DESCRIPTION, CREATE_DATE, CREATE_USER) VALUES (11, 1, 'PENDING_RELEASE_PAGE', 'Finance Release', GETDATE(), 'SYSTEM');
INSERT INTO ROLE (ID, VERSION, NAME, DESCRIPTION, CREATE_DATE, CREATE_USER) VALUES (12, 1, 'FINANCIAL_CAPITAL_PLAN_MANAGER', 'Financial and Capital Planning Manager', GETDATE(), 'SYSTEM');
INSERT INTO ROLE (ID, VERSION, NAME, DESCRIPTION, CREATE_DATE, CREATE_USER) VALUES (13, 1, 'LARGE_RELEASE_EMAIL', 'Large release email', GETDATE(), 'SYSTEM');

SET IDENTITY_INSERT [dbo].[ROLE] OFF

--ROLE_PERMISSIONS
INSERT INTO ROLE_PERMISSION (ROLE_ID, PERMISSION_ID, VERSION, CREATE_DATE, CREATE_USER) VALUES (1, 1, 1, GETDATE(), 'SYSTEM');
INSERT INTO ROLE_PERMISSION (ROLE_ID, PERMISSION_ID, VERSION, CREATE_DATE, CREATE_USER) VALUES (2, 1, 1, GETDATE(), 'SYSTEM');
INSERT INTO ROLE_PERMISSION (ROLE_ID, PERMISSION_ID, VERSION, CREATE_DATE, CREATE_USER) VALUES (1, 13, 1, GETDATE(), 'SYSTEM');
INSERT INTO ROLE_PERMISSION (ROLE_ID, PERMISSION_ID, VERSION, CREATE_DATE, CREATE_USER) VALUES (2, 13, 1, GETDATE(), 'SYSTEM');

INSERT INTO ROLE_PERMISSION (ROLE_ID, PERMISSION_ID, VERSION, CREATE_DATE, CREATE_USER) VALUES (2, 2, 1, GETDATE(), 'SYSTEM');

INSERT INTO ROLE_PERMISSION (ROLE_ID, PERMISSION_ID, VERSION, CREATE_DATE, CREATE_USER) VALUES (1, 3, 1, GETDATE(), 'SYSTEM');
INSERT INTO ROLE_PERMISSION (ROLE_ID, PERMISSION_ID, VERSION, CREATE_DATE, CREATE_USER) VALUES (2, 3, 1, GETDATE(), 'SYSTEM');

INSERT INTO ROLE_PERMISSION (ROLE_ID, PERMISSION_ID, VERSION, CREATE_DATE, CREATE_USER) VALUES (10, 4, 1, GETDATE(), 'SYSTEM');

INSERT INTO ROLE_PERMISSION (ROLE_ID, PERMISSION_ID, VERSION, CREATE_DATE, CREATE_USER) VALUES (1, 5, 1, GETDATE(), 'SYSTEM');
INSERT INTO ROLE_PERMISSION (ROLE_ID, PERMISSION_ID, VERSION, CREATE_DATE, CREATE_USER) VALUES (2, 5, 1, GETDATE(), 'SYSTEM');
INSERT INTO ROLE_PERMISSION (ROLE_ID, PERMISSION_ID, VERSION, CREATE_DATE, CREATE_USER) VALUES (4, 5, 1, GETDATE(), 'SYSTEM');
INSERT INTO ROLE_PERMISSION (ROLE_ID, PERMISSION_ID, VERSION, CREATE_DATE, CREATE_USER) VALUES (4, 1, 1, GETDATE(), 'SYSTEM');

INSERT INTO ROLE_PERMISSION (ROLE_ID, PERMISSION_ID, VERSION, CREATE_DATE, CREATE_USER) VALUES (3, 6, 1, GETDATE(), 'SYSTEM');


INSERT INTO ROLE_PERMISSION (ROLE_ID, PERMISSION_ID, VERSION, CREATE_DATE, CREATE_USER) VALUES (5, 7, 1, GETDATE(), 'SYSTEM');

INSERT INTO ROLE_PERMISSION (ROLE_ID, PERMISSION_ID, VERSION, CREATE_DATE, CREATE_USER) VALUES (1, 8, 1, GETDATE(), 'SYSTEM');
INSERT INTO ROLE_PERMISSION (ROLE_ID, PERMISSION_ID, VERSION, CREATE_DATE, CREATE_USER) VALUES (2, 8, 1, GETDATE(), 'SYSTEM');

INSERT INTO ROLE_PERMISSION (ROLE_ID, PERMISSION_ID, VERSION, CREATE_DATE, CREATE_USER) VALUES (2, 9, 1, GETDATE(), 'SYSTEM');
INSERT INTO ROLE_PERMISSION (ROLE_ID, PERMISSION_ID, VERSION, CREATE_DATE, CREATE_USER) VALUES (7, 9, 1, GETDATE(), 'SYSTEM');

INSERT INTO ROLE_PERMISSION (ROLE_ID, PERMISSION_ID, VERSION, CREATE_DATE, CREATE_USER) VALUES (2, 10, 1, GETDATE(), 'SYSTEM');
INSERT INTO ROLE_PERMISSION (ROLE_ID, PERMISSION_ID, VERSION, CREATE_DATE, CREATE_USER) VALUES (8, 10, 1, GETDATE(), 'SYSTEM');

INSERT INTO ROLE_PERMISSION (ROLE_ID, PERMISSION_ID, VERSION, CREATE_DATE, CREATE_USER) VALUES (9, 6, 1, GETDATE(), 'SYSTEM');
INSERT INTO ROLE_PERMISSION (ROLE_ID, PERMISSION_ID, VERSION, CREATE_DATE, CREATE_USER) VALUES (9, 11, 1, GETDATE(), 'SYSTEM');
INSERT INTO ROLE_PERMISSION (ROLE_ID, PERMISSION_ID, VERSION, CREATE_DATE, CREATE_USER) VALUES (10, 6, 1, GETDATE(), 'SYSTEM');
INSERT INTO ROLE_PERMISSION (ROLE_ID, PERMISSION_ID, VERSION, CREATE_DATE, CREATE_USER) VALUES (11, 12, 1, GETDATE(), 'SYSTEM');

INSERT INTO ROLE_PERMISSION (ROLE_ID, PERMISSION_ID, VERSION, CREATE_DATE, CREATE_USER) VALUES (12, 8, 1, GETDATE(), 'SYSTEM');

INSERT INTO ROLE_PERMISSION (ROLE_ID, PERMISSION_ID, VERSION, CREATE_DATE, CREATE_USER) VALUES (7, 14, 1, GETDATE(), 'SYSTEM');
INSERT INTO ROLE_PERMISSION (ROLE_ID, PERMISSION_ID, VERSION, CREATE_DATE, CREATE_USER) VALUES (2, 14, 1, GETDATE(), 'SYSTEM');

INSERT INTO ROLE_PERMISSION (ROLE_ID, PERMISSION_ID, VERSION, CREATE_DATE, CREATE_USER) VALUES (13, 15, 1, GETDATE(), 'SYSTEM');

--USER ROLES
--ANALYSTS (1)
INSERT INTO USER_ROLE (ROLE_ID, USER_ID, VERSION, CREATE_DATE, CREATE_USER) VALUES (1, 'MCRITCHLEY', 1, GETDATE(), 'SYSTEM');
INSERT INTO USER_ROLE (ROLE_ID, USER_ID, VERSION, CREATE_DATE, CREATE_USER) VALUES (1, 'MSKINNER', 1, GETDATE(), 'SYSTEM');
INSERT INTO USER_ROLE (ROLE_ID, USER_ID, VERSION, CREATE_DATE, CREATE_USER) VALUES (1, 'OCHENG', 1, GETDATE(), 'SYSTEM');
INSERT INTO USER_ROLE (ROLE_ID, USER_ID, VERSION, CREATE_DATE, CREATE_USER) VALUES (1, 'HSYED', 1, GETDATE(), 'SYSTEM');
INSERT INTO USER_ROLE (ROLE_ID, USER_ID, VERSION, CREATE_DATE, CREATE_USER) VALUES (1, 'SAKONG', 1, GETDATE(), 'SYSTEM');
--MANAGEMENT (2)
INSERT INTO USER_ROLE (ROLE_ID, USER_ID, VERSION, CREATE_DATE, CREATE_USER) VALUES (2, 'KBRODIE', 1, GETDATE(), 'SYSTEM');
INSERT INTO USER_ROLE (ROLE_ID, USER_ID, VERSION, CREATE_DATE, CREATE_USER) VALUES (2, 'BHAMA', 1, GETDATE(), 'SYSTEM');
INSERT INTO USER_ROLE (ROLE_ID, USER_ID, VERSION, CREATE_DATE, CREATE_USER) VALUES (2, 'JDASILVA', 1, GETDATE(), 'SYSTEM');
INSERT INTO USER_ROLE (ROLE_ID, USER_ID, VERSION, CREATE_DATE, CREATE_USER) VALUES (2, 'GSHARMA', 1, GETDATE(), 'SYSTEM');
INSERT INTO USER_ROLE (ROLE_ID, USER_ID, VERSION, CREATE_DATE, CREATE_USER) VALUES (2, 'PBALASUBRAMANIAN', 1, GETDATE(), 'SYSTEM');
INSERT INTO USER_ROLE (ROLE_ID, USER_ID, VERSION, CREATE_DATE, CREATE_USER) VALUES (2, 'MCOTE', 1, GETDATE(), 'SYSTEM');
INSERT INTO USER_ROLE (ROLE_ID, USER_ID, VERSION, CREATE_DATE, CREATE_USER) VALUES (2, 'SVLAHAKIS', 1, GETDATE(), 'SYSTEM');
INSERT INTO USER_ROLE (ROLE_ID, USER_ID, VERSION, CREATE_DATE, CREATE_USER) VALUES (2, 'STAVASZY', 1, GETDATE(), 'SYSTEM');


INSERT INTO USER_ROLE (ROLE_ID, USER_ID, VERSION, CREATE_DATE, CREATE_USER) VALUES (3, 'ZCHENG', 1, GETDATE(), 'SYSTEM');
INSERT INTO USER_ROLE (ROLE_ID, USER_ID, VERSION, CREATE_DATE, CREATE_USER) VALUES (3, 'OFARIA', 1, GETDATE(), 'SYSTEM');
INSERT INTO USER_ROLE (ROLE_ID, USER_ID, VERSION, CREATE_DATE, CREATE_USER) VALUES (3, 'MNANONG', 1, GETDATE(), 'SYSTEM');
INSERT INTO USER_ROLE (ROLE_ID, USER_ID, VERSION, CREATE_DATE, CREATE_USER) VALUES (3, 'CHO', 1, GETDATE(), 'SYSTEM');
INSERT INTO USER_ROLE (ROLE_ID, USER_ID, VERSION, CREATE_DATE, CREATE_USER) VALUES (3, 'STHOMPSON', 1, GETDATE(), 'SYSTEM');
INSERT INTO USER_ROLE (ROLE_ID, USER_ID, VERSION, CREATE_DATE, CREATE_USER) VALUES (3, 'JXIE', 1, GETDATE(), 'SYSTEM');

--ENROLMENT COORDINATOR--
INSERT INTO USER_ROLE (ROLE_ID, USER_ID, VERSION, CREATE_DATE, CREATE_USER) VALUES (4, 'KBROWN', 1, GETDATE(), 'SYSTEM');
INSERT INTO USER_ROLE (ROLE_ID, USER_ID, VERSION, CREATE_DATE, CREATE_USER) VALUES (4, 'RMORRIS', 1, GETDATE(), 'SYSTEM');
INSERT INTO USER_ROLE (ROLE_ID, USER_ID, VERSION, CREATE_DATE, CREATE_USER) VALUES (4, 'GGOMEZ', 1, GETDATE(), 'SYSTEM');
INSERT INTO USER_ROLE (ROLE_ID, USER_ID, VERSION, CREATE_DATE, CREATE_USER) VALUES (4, 'JSELVANAYAGAM', 1, GETDATE(), 'SYSTEM');


--DELETE_SECURITY_CANCEL_RELEASE (7)
INSERT INTO USER_ROLE (ROLE_ID, USER_ID, VERSION, CREATE_DATE, CREATE_USER) VALUES (7, 'OCHENG', 1, GETDATE(), 'SYSTEM');

--DELETE_EDIT_FINANCIAL_INSTITUTIONS_MAAPOA (8)
INSERT INTO USER_ROLE (ROLE_ID, USER_ID, VERSION, CREATE_DATE, CREATE_USER) VALUES (8, 'OCHENG', 1, GETDATE(), 'SYSTEM');

--FINANCE_INTEREST (9)
INSERT INTO USER_ROLE (ROLE_ID, USER_ID, VERSION, CREATE_DATE, CREATE_USER) VALUES (9, 'MNANONG', 1, GETDATE(), 'SYSTEM');
INSERT INTO USER_ROLE (ROLE_ID, USER_ID, VERSION, CREATE_DATE, CREATE_USER) VALUES (9, 'CHO', 1, GETDATE(), 'SYSTEM');
INSERT INTO USER_ROLE (ROLE_ID, USER_ID, VERSION, CREATE_DATE, CREATE_USER) VALUES (9, 'ZCHENG', 1, GETDATE(), 'SYSTEM');

--FINANCE_TRANSACTION (10)
INSERT INTO USER_ROLE (ROLE_ID, USER_ID, VERSION, CREATE_DATE, CREATE_USER) VALUES (10, 'STHOMPSON', 1, GETDATE(), 'SYSTEM');
INSERT INTO USER_ROLE (ROLE_ID, USER_ID, VERSION, CREATE_DATE, CREATE_USER) VALUES (10, 'OFARIA', 1, GETDATE(), 'SYSTEM');

INSERT INTO USER_ROLE (ROLE_ID, USER_ID, VERSION, CREATE_DATE, CREATE_USER) VALUES (11, 'ZCHENG', 1, GETDATE(), 'SYSTEM');
INSERT INTO USER_ROLE (ROLE_ID, USER_ID, VERSION, CREATE_DATE, CREATE_USER) VALUES (11, 'STHOMPSON', 1, GETDATE(), 'SYSTEM');
INSERT INTO USER_ROLE (ROLE_ID, USER_ID, VERSION, CREATE_DATE, CREATE_USER) VALUES (11, 'JXIE', 1, GETDATE(), 'SYSTEM');

--FINANCIAL_CAPITAL_PLANNING_MANAGER (12)
INSERT INTO USER_ROLE (ROLE_ID, USER_ID, VERSION, CREATE_DATE, CREATE_USER) VALUES (12, 'CHO', 1, GETDATE(), 'SYSTEM');

--LARGE_RELEASE_EMAIL (13)
INSERT INTO USER_ROLE (ROLE_ID, USER_ID, VERSION, CREATE_DATE, CREATE_USER) VALUES (13, 'ZCHENG', 1, GETDATE(), 'SYSTEM');
INSERT INTO USER_ROLE (ROLE_ID, USER_ID, VERSION, CREATE_DATE, CREATE_USER) VALUES (13, 'MNANONG', 1, GETDATE(), 'SYSTEM');
INSERT INTO USER_ROLE (ROLE_ID, USER_ID, VERSION, CREATE_DATE, CREATE_USER) VALUES (13, 'STHOMPSON', 1, GETDATE(), 'SYSTEM');
INSERT INTO USER_ROLE (ROLE_ID, USER_ID, VERSION, CREATE_DATE, CREATE_USER) VALUES (13, 'TTAREK', 1, GETDATE(), 'SYSTEM');