delete from CORRESPONDENCE_TOKEN_TEMPLATE
delete from CORRESPONDENCE_TOKEN
delete from CORRESPONDENCE_TEMPLATE


--TEMPLATES
SET IDENTITY_INSERT [dbo].[CORRESPONDENCE_TEMPLATE] ON
INSERT INTO CORRESPONDENCE_TEMPLATE (ID, NAME, SECURITY_TYPE_ID) VALUES (1, 'Excess_Cash_Deposit_VB', 1);
INSERT INTO CORRESPONDENCE_TEMPLATE (ID, NAME, SECURITY_TYPE_ID) VALUES (2, 'Excess_LC_Deposit_VB', 4);
INSERT INTO CORRESPONDENCE_TEMPLATE (ID, NAME, SECURITY_TYPE_ID) VALUES (3, 'Full_Cash_Release_VB', 1);
INSERT INTO CORRESPONDENCE_TEMPLATE (ID, NAME, SECURITY_TYPE_ID) VALUES (4, 'Full_LC_Release_Bank', 4);
INSERT INTO CORRESPONDENCE_TEMPLATE (ID, NAME, SECURITY_TYPE_ID) VALUES (5, 'Partial_LC_Release_Bank', 4);
INSERT INTO CORRESPONDENCE_TEMPLATE (ID, NAME, SECURITY_TYPE_ID) VALUES (6, 'Full_LC_Release_VB', 4);
INSERT INTO CORRESPONDENCE_TEMPLATE (ID, NAME, SECURITY_TYPE_ID) VALUES (7, 'Partial_Cash_Release_VB', 1);
INSERT INTO CORRESPONDENCE_TEMPLATE (ID, NAME, SECURITY_TYPE_ID) VALUES (8, 'Partial_LC_Release_VB', 4);
SET IDENTITY_INSERT [dbo].[CORRESPONDENCE_TEMPLATE] OFF



--TOKENS
SET IDENTITY_INSERT [dbo].[CORRESPONDENCE_TOKEN] ON
INSERT INTO CORRESPONDENCE_TOKEN (ID, NAME) VALUES (1, 'LU_CONTACT');
INSERT INTO CORRESPONDENCE_TOKEN (ID, NAME) VALUES (2, 'VB_ADD_1');
INSERT INTO CORRESPONDENCE_TOKEN (ID, NAME) VALUES (3, 'VB_ADD_2');
INSERT INTO CORRESPONDENCE_TOKEN (ID, NAME) VALUES (4, 'VB_ADD_3');
INSERT INTO CORRESPONDENCE_TOKEN (ID, NAME) VALUES (5, 'VB_ADD_4');
INSERT INTO CORRESPONDENCE_TOKEN (ID, NAME) VALUES (6, 'VB_CITY');
INSERT INTO CORRESPONDENCE_TOKEN (ID, NAME) VALUES (7, 'VB_PROVINCE');
INSERT INTO CORRESPONDENCE_TOKEN (ID, NAME) VALUES (8, 'VB_POSTAL');
INSERT INTO CORRESPONDENCE_TOKEN (ID, NAME) VALUES (9, 'SECURITY_TYPE');
INSERT INTO CORRESPONDENCE_TOKEN (ID, NAME) VALUES (10, 'INSTR_NUMBER');
INSERT INTO CORRESPONDENCE_TOKEN (ID, NAME) VALUES (11, 'SREL_PREV_AMT');
INSERT INTO CORRESPONDENCE_TOKEN (ID, NAME) VALUES (12, 'SREL_SITE_ADD');
INSERT INTO CORRESPONDENCE_TOKEN (ID, NAME) VALUES (13, 'SITE_ID_1');
INSERT INTO CORRESPONDENCE_TOKEN (ID, NAME) VALUES (14, 'SREL_CURR_AMT');
INSERT INTO CORRESPONDENCE_TOKEN (ID, NAME) VALUES (15, 'VB_NAME');
INSERT INTO CORRESPONDENCE_TOKEN (ID, NAME) VALUES (16, 'VB_NUMBER');
INSERT INTO CORRESPONDENCE_TOKEN (ID, NAME) VALUES (17, 'FIN_INST_NAME');
INSERT INTO CORRESPONDENCE_TOKEN (ID, NAME) VALUES (18, 'FIN_BR_ADD_1');
INSERT INTO CORRESPONDENCE_TOKEN (ID, NAME) VALUES (19, 'FIN_BR_ADD_2');
INSERT INTO CORRESPONDENCE_TOKEN (ID, NAME) VALUES (20, 'FIN_BR_ADD_3');
INSERT INTO CORRESPONDENCE_TOKEN (ID, NAME) VALUES (21, 'FIN_BR_ADD_4');
INSERT INTO CORRESPONDENCE_TOKEN (ID, NAME) VALUES (22, 'FIN_BR_CITY');
INSERT INTO CORRESPONDENCE_TOKEN (ID, NAME) VALUES (23, 'FIN_BR_PROVINCE');
INSERT INTO CORRESPONDENCE_TOKEN (ID, NAME) VALUES (24, 'FIN_BR_POSTAL');
INSERT INTO CORRESPONDENCE_TOKEN (ID, NAME) VALUES (25, 'SREL_APPROVED_AMT');


SET IDENTITY_INSERT [dbo].[CORRESPONDENCE_TOKEN] OFF


--TEMPLATE TOKENS

--Excess_Cash_Deposit_VB
INSERT INTO CORRESPONDENCE_TOKEN_TEMPLATE (TEMPLATE_ID, TOKEN_ID) VALUES (1, 1); --LU_CONTACT
INSERT INTO CORRESPONDENCE_TOKEN_TEMPLATE (TEMPLATE_ID, TOKEN_ID) VALUES (1, 2); --VB_ADD_1
INSERT INTO CORRESPONDENCE_TOKEN_TEMPLATE (TEMPLATE_ID, TOKEN_ID) VALUES (1, 3); --VB_ADD_2
INSERT INTO CORRESPONDENCE_TOKEN_TEMPLATE (TEMPLATE_ID, TOKEN_ID) VALUES (1, 4); --VB_ADD_3
INSERT INTO CORRESPONDENCE_TOKEN_TEMPLATE (TEMPLATE_ID, TOKEN_ID) VALUES (1, 5); --VB_ADD_4
INSERT INTO CORRESPONDENCE_TOKEN_TEMPLATE (TEMPLATE_ID, TOKEN_ID) VALUES (1, 6); --VB_CITY
INSERT INTO CORRESPONDENCE_TOKEN_TEMPLATE (TEMPLATE_ID, TOKEN_ID) VALUES (1, 7); --VB_PROVINCE
INSERT INTO CORRESPONDENCE_TOKEN_TEMPLATE (TEMPLATE_ID, TOKEN_ID) VALUES (1, 8); --VB_POSTAL
INSERT INTO CORRESPONDENCE_TOKEN_TEMPLATE (TEMPLATE_ID, TOKEN_ID) VALUES (1, 9); --SECURITY_TYPE
INSERT INTO CORRESPONDENCE_TOKEN_TEMPLATE (TEMPLATE_ID, TOKEN_ID) VALUES (1, 10); --INSTR_NUMBER
INSERT INTO CORRESPONDENCE_TOKEN_TEMPLATE (TEMPLATE_ID, TOKEN_ID) VALUES (1, 11); --SREL_PREV_AMT
INSERT INTO CORRESPONDENCE_TOKEN_TEMPLATE (TEMPLATE_ID, TOKEN_ID) VALUES (1, 12); --SREL_SITE_ADD
INSERT INTO CORRESPONDENCE_TOKEN_TEMPLATE (TEMPLATE_ID, TOKEN_ID) VALUES (1, 13); --SITE_ID_1
INSERT INTO CORRESPONDENCE_TOKEN_TEMPLATE (TEMPLATE_ID, TOKEN_ID) VALUES (1, 14); --SREL_CURR_AMT
INSERT INTO CORRESPONDENCE_TOKEN_TEMPLATE (TEMPLATE_ID, TOKEN_ID) VALUES (1, 15); --VB_NAME
INSERT INTO CORRESPONDENCE_TOKEN_TEMPLATE (TEMPLATE_ID, TOKEN_ID) VALUES (1, 16); --VB_NUMBER

--Excess_LC_Deposit_VB
INSERT INTO CORRESPONDENCE_TOKEN_TEMPLATE (TEMPLATE_ID, TOKEN_ID) VALUES (2, 1); --LU_CONTACT
INSERT INTO CORRESPONDENCE_TOKEN_TEMPLATE (TEMPLATE_ID, TOKEN_ID) VALUES (2, 2); --VB_ADD_1
INSERT INTO CORRESPONDENCE_TOKEN_TEMPLATE (TEMPLATE_ID, TOKEN_ID) VALUES (2, 3); --VB_ADD_2
INSERT INTO CORRESPONDENCE_TOKEN_TEMPLATE (TEMPLATE_ID, TOKEN_ID) VALUES (2, 4); --VB_ADD_3
INSERT INTO CORRESPONDENCE_TOKEN_TEMPLATE (TEMPLATE_ID, TOKEN_ID) VALUES (2, 5); --VB_ADD_4
INSERT INTO CORRESPONDENCE_TOKEN_TEMPLATE (TEMPLATE_ID, TOKEN_ID) VALUES (2, 6); --VB_CITY
INSERT INTO CORRESPONDENCE_TOKEN_TEMPLATE (TEMPLATE_ID, TOKEN_ID) VALUES (2, 7); --VB_PROVINCE
INSERT INTO CORRESPONDENCE_TOKEN_TEMPLATE (TEMPLATE_ID, TOKEN_ID) VALUES (2, 8); --VB_POSTAL
INSERT INTO CORRESPONDENCE_TOKEN_TEMPLATE (TEMPLATE_ID, TOKEN_ID) VALUES (2, 9); --SECURITY_TYPE
INSERT INTO CORRESPONDENCE_TOKEN_TEMPLATE (TEMPLATE_ID, TOKEN_ID) VALUES (2, 10); --INSTR_NUMBER
INSERT INTO CORRESPONDENCE_TOKEN_TEMPLATE (TEMPLATE_ID, TOKEN_ID) VALUES (2, 11); --SREL_PREV_AMT
INSERT INTO CORRESPONDENCE_TOKEN_TEMPLATE (TEMPLATE_ID, TOKEN_ID) VALUES (2, 12); --SREL_SITE_ADD
INSERT INTO CORRESPONDENCE_TOKEN_TEMPLATE (TEMPLATE_ID, TOKEN_ID) VALUES (2, 13); --SITE_ID_1
INSERT INTO CORRESPONDENCE_TOKEN_TEMPLATE (TEMPLATE_ID, TOKEN_ID) VALUES (2, 14); --SREL_CURR_AMT
INSERT INTO CORRESPONDENCE_TOKEN_TEMPLATE (TEMPLATE_ID, TOKEN_ID) VALUES (2, 15); --VB_NAME
INSERT INTO CORRESPONDENCE_TOKEN_TEMPLATE (TEMPLATE_ID, TOKEN_ID) VALUES (2, 16); --VB_NUMBER

--Full_Cash_Release_VB
INSERT INTO CORRESPONDENCE_TOKEN_TEMPLATE (TEMPLATE_ID, TOKEN_ID) VALUES (3, 1); --LU_CONTACT
INSERT INTO CORRESPONDENCE_TOKEN_TEMPLATE (TEMPLATE_ID, TOKEN_ID) VALUES (3, 2); --VB_ADD_1
INSERT INTO CORRESPONDENCE_TOKEN_TEMPLATE (TEMPLATE_ID, TOKEN_ID) VALUES (3, 3); --VB_ADD_2
INSERT INTO CORRESPONDENCE_TOKEN_TEMPLATE (TEMPLATE_ID, TOKEN_ID) VALUES (3, 4); --VB_ADD_3
INSERT INTO CORRESPONDENCE_TOKEN_TEMPLATE (TEMPLATE_ID, TOKEN_ID) VALUES (3, 5); --VB_ADD_4
INSERT INTO CORRESPONDENCE_TOKEN_TEMPLATE (TEMPLATE_ID, TOKEN_ID) VALUES (3, 6); --VB_CITY
INSERT INTO CORRESPONDENCE_TOKEN_TEMPLATE (TEMPLATE_ID, TOKEN_ID) VALUES (3, 7); --VB_PROVINCE
INSERT INTO CORRESPONDENCE_TOKEN_TEMPLATE (TEMPLATE_ID, TOKEN_ID) VALUES (3, 8); --VB_POSTAL
INSERT INTO CORRESPONDENCE_TOKEN_TEMPLATE (TEMPLATE_ID, TOKEN_ID) VALUES (3, 9); --SECURITY_TYPE
INSERT INTO CORRESPONDENCE_TOKEN_TEMPLATE (TEMPLATE_ID, TOKEN_ID) VALUES (3, 10); --INSTR_NUMBER
INSERT INTO CORRESPONDENCE_TOKEN_TEMPLATE (TEMPLATE_ID, TOKEN_ID) VALUES (3, 11); --SREL_PREV_AMT
INSERT INTO CORRESPONDENCE_TOKEN_TEMPLATE (TEMPLATE_ID, TOKEN_ID) VALUES (3, 12); --SREL_SITE_ADD
INSERT INTO CORRESPONDENCE_TOKEN_TEMPLATE (TEMPLATE_ID, TOKEN_ID) VALUES (3, 13); --SITE_ID_1
INSERT INTO CORRESPONDENCE_TOKEN_TEMPLATE (TEMPLATE_ID, TOKEN_ID) VALUES (3, 14); --SREL_CURR_AMT
INSERT INTO CORRESPONDENCE_TOKEN_TEMPLATE (TEMPLATE_ID, TOKEN_ID) VALUES (3, 15); --VB_NAME
INSERT INTO CORRESPONDENCE_TOKEN_TEMPLATE (TEMPLATE_ID, TOKEN_ID) VALUES (3, 16); --VB_NUMBER

--Full_LC_Release_Bank
INSERT INTO CORRESPONDENCE_TOKEN_TEMPLATE (TEMPLATE_ID, TOKEN_ID) VALUES (4, 1); --LU_CONTACT
INSERT INTO CORRESPONDENCE_TOKEN_TEMPLATE (TEMPLATE_ID, TOKEN_ID) VALUES (4, 9); --SECURITY_TYPE
INSERT INTO CORRESPONDENCE_TOKEN_TEMPLATE (TEMPLATE_ID, TOKEN_ID) VALUES (4, 10); --INSTR_NUMBER
INSERT INTO CORRESPONDENCE_TOKEN_TEMPLATE (TEMPLATE_ID, TOKEN_ID) VALUES (4, 11); --SREL_PREV_AMT
INSERT INTO CORRESPONDENCE_TOKEN_TEMPLATE (TEMPLATE_ID, TOKEN_ID) VALUES (4, 12); --SREL_SITE_ADD
INSERT INTO CORRESPONDENCE_TOKEN_TEMPLATE (TEMPLATE_ID, TOKEN_ID) VALUES (4, 13); --SITE_ID_1
INSERT INTO CORRESPONDENCE_TOKEN_TEMPLATE (TEMPLATE_ID, TOKEN_ID) VALUES (4, 15); --VB_NAME
INSERT INTO CORRESPONDENCE_TOKEN_TEMPLATE (TEMPLATE_ID, TOKEN_ID) VALUES (4, 16); --VB_NUMBER
INSERT INTO CORRESPONDENCE_TOKEN_TEMPLATE (TEMPLATE_ID, TOKEN_ID) VALUES (4, 17); --FIN_INST_NAME
INSERT INTO CORRESPONDENCE_TOKEN_TEMPLATE (TEMPLATE_ID, TOKEN_ID) VALUES (4, 18); --FIN_BR_ADD_1
INSERT INTO CORRESPONDENCE_TOKEN_TEMPLATE (TEMPLATE_ID, TOKEN_ID) VALUES (4, 19); --FIN_BR_ADD_2
INSERT INTO CORRESPONDENCE_TOKEN_TEMPLATE (TEMPLATE_ID, TOKEN_ID) VALUES (4, 20); --FIN_BR_ADD_3
INSERT INTO CORRESPONDENCE_TOKEN_TEMPLATE (TEMPLATE_ID, TOKEN_ID) VALUES (4, 21); --FIN_BR_ADD_4
INSERT INTO CORRESPONDENCE_TOKEN_TEMPLATE (TEMPLATE_ID, TOKEN_ID) VALUES (4, 22); --FIN_BR_CITY
INSERT INTO CORRESPONDENCE_TOKEN_TEMPLATE (TEMPLATE_ID, TOKEN_ID) VALUES (4, 23); --FIN_BR_PROVINCE
INSERT INTO CORRESPONDENCE_TOKEN_TEMPLATE (TEMPLATE_ID, TOKEN_ID) VALUES (4, 24); --FIN_BR_POSTAL

--Partial_LC_Release_Bank
INSERT INTO CORRESPONDENCE_TOKEN_TEMPLATE (TEMPLATE_ID, TOKEN_ID) VALUES (5, 1); --LU_CONTACT
INSERT INTO CORRESPONDENCE_TOKEN_TEMPLATE (TEMPLATE_ID, TOKEN_ID) VALUES (5, 9); --SECURITY_TYPE
INSERT INTO CORRESPONDENCE_TOKEN_TEMPLATE (TEMPLATE_ID, TOKEN_ID) VALUES (5, 10); --INSTR_NUMBER
INSERT INTO CORRESPONDENCE_TOKEN_TEMPLATE (TEMPLATE_ID, TOKEN_ID) VALUES (5, 11); --SREL_PREV_AMT
INSERT INTO CORRESPONDENCE_TOKEN_TEMPLATE (TEMPLATE_ID, TOKEN_ID) VALUES (5, 12); --SREL_SITE_ADD
INSERT INTO CORRESPONDENCE_TOKEN_TEMPLATE (TEMPLATE_ID, TOKEN_ID) VALUES (5, 13); --SITE_ID_1
INSERT INTO CORRESPONDENCE_TOKEN_TEMPLATE (TEMPLATE_ID, TOKEN_ID) VALUES (5, 14); --SREL_CURR_AMT
INSERT INTO CORRESPONDENCE_TOKEN_TEMPLATE (TEMPLATE_ID, TOKEN_ID) VALUES (5, 15); --VB_NAME
INSERT INTO CORRESPONDENCE_TOKEN_TEMPLATE (TEMPLATE_ID, TOKEN_ID) VALUES (5, 16); --VB_NUMBER
INSERT INTO CORRESPONDENCE_TOKEN_TEMPLATE (TEMPLATE_ID, TOKEN_ID) VALUES (5, 17); --FIN_INST_NAME
INSERT INTO CORRESPONDENCE_TOKEN_TEMPLATE (TEMPLATE_ID, TOKEN_ID) VALUES (5, 18); --FIN_BR_ADD_1
INSERT INTO CORRESPONDENCE_TOKEN_TEMPLATE (TEMPLATE_ID, TOKEN_ID) VALUES (5, 19); --FIN_BR_ADD_2
INSERT INTO CORRESPONDENCE_TOKEN_TEMPLATE (TEMPLATE_ID, TOKEN_ID) VALUES (5, 20); --FIN_BR_ADD_3
INSERT INTO CORRESPONDENCE_TOKEN_TEMPLATE (TEMPLATE_ID, TOKEN_ID) VALUES (5, 21); --FIN_BR_ADD_4
INSERT INTO CORRESPONDENCE_TOKEN_TEMPLATE (TEMPLATE_ID, TOKEN_ID) VALUES (5, 22); --FIN_BR_CITY
INSERT INTO CORRESPONDENCE_TOKEN_TEMPLATE (TEMPLATE_ID, TOKEN_ID) VALUES (5, 23); --FIN_BR_PROVINCE
INSERT INTO CORRESPONDENCE_TOKEN_TEMPLATE (TEMPLATE_ID, TOKEN_ID) VALUES (5, 24); --FIN_BR_POSTAL

--Full_LC_Release
INSERT INTO CORRESPONDENCE_TOKEN_TEMPLATE (TEMPLATE_ID, TOKEN_ID) VALUES (6, 1); --LU_CONTACT
INSERT INTO CORRESPONDENCE_TOKEN_TEMPLATE (TEMPLATE_ID, TOKEN_ID) VALUES (6, 2); --VB_ADD_1
INSERT INTO CORRESPONDENCE_TOKEN_TEMPLATE (TEMPLATE_ID, TOKEN_ID) VALUES (6, 3); --VB_ADD_2
INSERT INTO CORRESPONDENCE_TOKEN_TEMPLATE (TEMPLATE_ID, TOKEN_ID) VALUES (6, 4); --VB_ADD_3
INSERT INTO CORRESPONDENCE_TOKEN_TEMPLATE (TEMPLATE_ID, TOKEN_ID) VALUES (6, 5); --VB_ADD_4
INSERT INTO CORRESPONDENCE_TOKEN_TEMPLATE (TEMPLATE_ID, TOKEN_ID) VALUES (6, 6); --VB_CITY
INSERT INTO CORRESPONDENCE_TOKEN_TEMPLATE (TEMPLATE_ID, TOKEN_ID) VALUES (6, 7); --VB_PROVINCE
INSERT INTO CORRESPONDENCE_TOKEN_TEMPLATE (TEMPLATE_ID, TOKEN_ID) VALUES (6, 8); --VB_POSTAL
INSERT INTO CORRESPONDENCE_TOKEN_TEMPLATE (TEMPLATE_ID, TOKEN_ID) VALUES (6, 9); --SECURITY_TYPE
INSERT INTO CORRESPONDENCE_TOKEN_TEMPLATE (TEMPLATE_ID, TOKEN_ID) VALUES (6, 10); --INSTR_NUMBER
INSERT INTO CORRESPONDENCE_TOKEN_TEMPLATE (TEMPLATE_ID, TOKEN_ID) VALUES (6, 11); --SREL_PREV_AMT
INSERT INTO CORRESPONDENCE_TOKEN_TEMPLATE (TEMPLATE_ID, TOKEN_ID) VALUES (6, 12); --SREL_SITE_ADD
INSERT INTO CORRESPONDENCE_TOKEN_TEMPLATE (TEMPLATE_ID, TOKEN_ID) VALUES (6, 13); --SITE_ID_1
INSERT INTO CORRESPONDENCE_TOKEN_TEMPLATE (TEMPLATE_ID, TOKEN_ID) VALUES (6, 14); --SREL_CURR_AMT
INSERT INTO CORRESPONDENCE_TOKEN_TEMPLATE (TEMPLATE_ID, TOKEN_ID) VALUES (6, 15); --VB_NAME
INSERT INTO CORRESPONDENCE_TOKEN_TEMPLATE (TEMPLATE_ID, TOKEN_ID) VALUES (6, 16); --VB_NUMBER

--Partial_Cash_Release
INSERT INTO CORRESPONDENCE_TOKEN_TEMPLATE (TEMPLATE_ID, TOKEN_ID) VALUES (7, 1); --LU_CONTACT
INSERT INTO CORRESPONDENCE_TOKEN_TEMPLATE (TEMPLATE_ID, TOKEN_ID) VALUES (7, 2); --VB_ADD_1
INSERT INTO CORRESPONDENCE_TOKEN_TEMPLATE (TEMPLATE_ID, TOKEN_ID) VALUES (7, 3); --VB_ADD_2
INSERT INTO CORRESPONDENCE_TOKEN_TEMPLATE (TEMPLATE_ID, TOKEN_ID) VALUES (7, 4); --VB_ADD_3
INSERT INTO CORRESPONDENCE_TOKEN_TEMPLATE (TEMPLATE_ID, TOKEN_ID) VALUES (7, 5); --VB_ADD_4
INSERT INTO CORRESPONDENCE_TOKEN_TEMPLATE (TEMPLATE_ID, TOKEN_ID) VALUES (7, 6); --VB_CITY
INSERT INTO CORRESPONDENCE_TOKEN_TEMPLATE (TEMPLATE_ID, TOKEN_ID) VALUES (7, 7); --VB_PROVINCE
INSERT INTO CORRESPONDENCE_TOKEN_TEMPLATE (TEMPLATE_ID, TOKEN_ID) VALUES (7, 8); --VB_POSTAL
INSERT INTO CORRESPONDENCE_TOKEN_TEMPLATE (TEMPLATE_ID, TOKEN_ID) VALUES (7, 9); --SECURITY_TYPE
INSERT INTO CORRESPONDENCE_TOKEN_TEMPLATE (TEMPLATE_ID, TOKEN_ID) VALUES (7, 10); --INSTR_NUMBER
INSERT INTO CORRESPONDENCE_TOKEN_TEMPLATE (TEMPLATE_ID, TOKEN_ID) VALUES (7, 11); --SREL_PREV_AMT
INSERT INTO CORRESPONDENCE_TOKEN_TEMPLATE (TEMPLATE_ID, TOKEN_ID) VALUES (7, 12); --SREL_SITE_ADD
INSERT INTO CORRESPONDENCE_TOKEN_TEMPLATE (TEMPLATE_ID, TOKEN_ID) VALUES (7, 13); --SITE_ID_1
INSERT INTO CORRESPONDENCE_TOKEN_TEMPLATE (TEMPLATE_ID, TOKEN_ID) VALUES (7, 14); --SREL_CURR_AMT
INSERT INTO CORRESPONDENCE_TOKEN_TEMPLATE (TEMPLATE_ID, TOKEN_ID) VALUES (7, 15); --VB_NAME
INSERT INTO CORRESPONDENCE_TOKEN_TEMPLATE (TEMPLATE_ID, TOKEN_ID) VALUES (7, 16); --VB_NUMBER
INSERT INTO CORRESPONDENCE_TOKEN_TEMPLATE (TEMPLATE_ID, TOKEN_ID) VALUES (7, 25); --SREL_APPROVED_AMT

--Partial_LC_Release
INSERT INTO CORRESPONDENCE_TOKEN_TEMPLATE (TEMPLATE_ID, TOKEN_ID) VALUES (8, 1); --LU_CONTACT
INSERT INTO CORRESPONDENCE_TOKEN_TEMPLATE (TEMPLATE_ID, TOKEN_ID) VALUES (8, 2); --VB_ADD_1
INSERT INTO CORRESPONDENCE_TOKEN_TEMPLATE (TEMPLATE_ID, TOKEN_ID) VALUES (8, 3); --VB_ADD_2
INSERT INTO CORRESPONDENCE_TOKEN_TEMPLATE (TEMPLATE_ID, TOKEN_ID) VALUES (8, 4); --VB_ADD_3
INSERT INTO CORRESPONDENCE_TOKEN_TEMPLATE (TEMPLATE_ID, TOKEN_ID) VALUES (8, 5); --VB_ADD_4
INSERT INTO CORRESPONDENCE_TOKEN_TEMPLATE (TEMPLATE_ID, TOKEN_ID) VALUES (8, 6); --VB_CITY
INSERT INTO CORRESPONDENCE_TOKEN_TEMPLATE (TEMPLATE_ID, TOKEN_ID) VALUES (8, 7); --VB_PROVINCE
INSERT INTO CORRESPONDENCE_TOKEN_TEMPLATE (TEMPLATE_ID, TOKEN_ID) VALUES (8, 8); --VB_POSTAL
INSERT INTO CORRESPONDENCE_TOKEN_TEMPLATE (TEMPLATE_ID, TOKEN_ID) VALUES (8, 9); --SECURITY_TYPE
INSERT INTO CORRESPONDENCE_TOKEN_TEMPLATE (TEMPLATE_ID, TOKEN_ID) VALUES (8, 10); --INSTR_NUMBER
INSERT INTO CORRESPONDENCE_TOKEN_TEMPLATE (TEMPLATE_ID, TOKEN_ID) VALUES (8, 11); --SREL_PREV_AMT
INSERT INTO CORRESPONDENCE_TOKEN_TEMPLATE (TEMPLATE_ID, TOKEN_ID) VALUES (8, 12); --SREL_SITE_ADD
INSERT INTO CORRESPONDENCE_TOKEN_TEMPLATE (TEMPLATE_ID, TOKEN_ID) VALUES (8, 13); --SITE_ID_1
INSERT INTO CORRESPONDENCE_TOKEN_TEMPLATE (TEMPLATE_ID, TOKEN_ID) VALUES (8, 14); --SREL_CURR_AMT
INSERT INTO CORRESPONDENCE_TOKEN_TEMPLATE (TEMPLATE_ID, TOKEN_ID) VALUES (8, 15); --VB_NAME
INSERT INTO CORRESPONDENCE_TOKEN_TEMPLATE (TEMPLATE_ID, TOKEN_ID) VALUES (8, 16); --VB_NUMBER
